/*----------------------------------------------Tabla TIPO_ITEM-------------------------------------------------*/
INSERT INTO TIPO_ITEM(ID_TIPO_ITEM, NOMBRE_TIPO_ITEM) VALUES(1, "Opcion multiple");
INSERT INTO TIPO_ITEM(ID_TIPO_ITEM, NOMBRE_TIPO_ITEM) VALUES(2, "Verdadero / Falso");
INSERT INTO TIPO_ITEM(ID_TIPO_ITEM, NOMBRE_TIPO_ITEM) VALUES(3, "Emparejamiento");
INSERT INTO TIPO_ITEM(ID_TIPO_ITEM, NOMBRE_TIPO_ITEM) VALUES(4, "Respuesta Corta");

/*----------------------------------------------Tabla GRUPO_CARGA-------------------------------------------------*/
INSERT INTO GRUPO_CARGA(ID_GRUP_CARG, TIPO) VALUES(1, "Teorico");
INSERT INTO GRUPO_CARGA(ID_GRUP_CARG, TIPO) VALUES(2, "Laboratorio");
INSERT INTO GRUPO_CARGA(ID_GRUP_CARG, TIPO) VALUES(3, "Discusion");

/*----------------------------------------------Tabla FACULTAD-------------------------------------------------*/
INSERT INTO FACULTAD(ID_FACULTAD, NOMBRE_FACULTAD) VALUES(1, "Facultad de Ingenieria y Arquitectura");
INSERT INTO FACULTAD(ID_FACULTAD, NOMBRE_FACULTAD) VALUES(2, "Facultad de Ciencias y Humanidades");
INSERT INTO FACULTAD(ID_FACULTAD, NOMBRE_FACULTAD) VALUES(3, "Facultad de Agronomia");
INSERT INTO FACULTAD(ID_FACULTAD, NOMBRE_FACULTAD) VALUES(4, "Facultad de Odontologia");
INSERT INTO FACULTAD(ID_FACULTAD, NOMBRE_FACULTAD) VALUES(5, "Facultad de Medicina");
INSERT INTO FACULTAD(ID_FACULTAD, NOMBRE_FACULTAD) VALUES(6, "Facultad de Quimica y Farmacia");
INSERT INTO FACULTAD(ID_FACULTAD, NOMBRE_FACULTAD) VALUES(7, "Facultad de Jurisprudencia y Ciencias Sociales");
INSERT INTO FACULTAD(ID_FACULTAD, NOMBRE_FACULTAD) VALUES(8, "Facultad de Ciencias Naturales y Matematica");
INSERT INTO FACULTAD(ID_FACULTAD, NOMBRE_FACULTAD) VALUES(9, "Facultad de Ciencias Económicas");
INSERT INTO FACULTAD(ID_FACULTAD, NOMBRE_FACULTAD) VALUES(10, "Facultad Multidisciplinaria de Occidente");
INSERT INTO FACULTAD(ID_FACULTAD, NOMBRE_FACULTAD) VALUES(11, "Facultad Multidisciplinaria Paracentral");
INSERT INTO FACULTAD(ID_FACULTAD, NOMBRE_FACULTAD) VALUES(12, "Facultad Multidisciplinaria de Oriente");

/*----------------------------------------------Tabla ESCUELA-------------------------------------------------*/
INSERT INTO ESCUELA(ID_ESCUELA, ID_FACULTAD, NOMBRE_ESCUELA, CODIGO_ESCUELA) VALUES(1, 1, "Ingenier a de Sistemas Informaticos", "I0001");
INSERT INTO ESCUELA(ID_ESCUELA, ID_FACULTAD, NOMBRE_ESCUELA, CODIGO_ESCUELA) VALUES(2, 1, "Ingenieria Mecanica", "I0002");
INSERT INTO ESCUELA(ID_ESCUELA, ID_FACULTAD, NOMBRE_ESCUELA, CODIGO_ESCUELA) VALUES(3, 1, "Ingenieria Electrica", "I0003");
INSERT INTO ESCUELA(ID_ESCUELA, ID_FACULTAD, NOMBRE_ESCUELA, CODIGO_ESCUELA) VALUES(4, 1, "Ingenieria Civil", "I0004");
INSERT INTO ESCUELA(ID_ESCUELA, ID_FACULTAD, NOMBRE_ESCUELA, CODIGO_ESCUELA) VALUES(5, 1, "Ingeniera Industrial", "I0005");
INSERT INTO ESCUELA(ID_ESCUELA, ID_FACULTAD, NOMBRE_ESCUELA, CODIGO_ESCUELA) VALUES(6, 1, "Ingenieria Quimica y de Alimentos", "I0006");
INSERT INTO ESCUELA(ID_ESCUELA, ID_FACULTAD, NOMBRE_ESCUELA, CODIGO_ESCUELA) VALUES(7, 1, "Arquitectura", "I0007");

/*----------------------------------------------Tabla CARRERA-------------------------------------------------*/
INSERT INTO CARRERA(ID_CARRERA, ID_ESCUELA, NOMBRE_CARRERA) VALUES(1, 1, "Arquitectura");
INSERT INTO CARRERA(ID_CARRERA, ID_ESCUELA, NOMBRE_CARRERA) VALUES(2, 2, "Ingenier a de Sistemas Informaticos");
INSERT INTO CARRERA(ID_CARRERA, ID_ESCUELA, NOMBRE_CARRERA) VALUES(3, 3, "Ingenieria Mecanica");
INSERT INTO CARRERA(ID_CARRERA, ID_ESCUELA, NOMBRE_CARRERA) VALUES(4, 4, "Ingenieria Electrica");
INSERT INTO CARRERA(ID_CARRERA, ID_ESCUELA, NOMBRE_CARRERA) VALUES(5, 5, "Ingenieria Civil");
INSERT INTO CARRERA(ID_CARRERA, ID_ESCUELA, NOMBRE_CARRERA) VALUES(6, 6, "Ingeniera Industrial");
INSERT INTO CARRERA(ID_CARRERA, ID_ESCUELA, NOMBRE_CARRERA) VALUES(7, 6, "Ingenieria Quimica y de Alimentos");
INSERT INTO CARRERA(ID_CARRERA, ID_ESCUELA, NOMBRE_CARRERA) VALUES(8, 7, "Arquitectura");


/*----------------------------------------------Tabla PENSUM-------------------------------------------------*/
INSERT INTO PENSUM(ID_PENUM, ID_CARRERA, ANIO_PENSUM) VALUES(1, 1, "1998");
INSERT INTO PENSUM(ID_PENUM, ID_CARRERA, ANIO_PENSUM) VALUES(2, 2, "1998");
INSERT INTO PENSUM(ID_PENUM, ID_CARRERA, ANIO_PENSUM) VALUES(3, 3, "1998");
INSERT INTO PENSUM(ID_PENUM, ID_CARRERA, ANIO_PENSUM) VALUES(4, 4, "1998");
INSERT INTO PENSUM(ID_PENUM, ID_CARRERA, ANIO_PENSUM) VALUES(5, 5, "1998");
INSERT INTO PENSUM(ID_PENUM, ID_CARRERA, ANIO_PENSUM) VALUES(6, 6, "1998");
INSERT INTO PENSUM(ID_PENUM, ID_CARRERA, ANIO_PENSUM) VALUES(7, 7, "1998");
INSERT INTO PENSUM(ID_PENUM, ID_CARRERA, ANIO_PENSUM) VALUES(8, 8, "1998");

/*----------------------------------------------Tabla CAT_MAT_MATERIA-------------------------------------------------*/
INSERT INTO CAT_MAT_MATERIA(ID_CAT_MAT, CODIGO_MAT, NOMBRE_MAR, ES_ELECTIVA, MAXIMO_CANT_PREGUNTAS) VALUES(1, "HDP115", "Herramientas de Productividad", 0, 50);
INSERT INTO CAT_MAT_MATERIA(ID_CAT_MAT, CODIGO_MAT, NOMBRE_MAR, ES_ELECTIVA, MAXIMO_CANT_PREGUNTAS) VALUES(2, "IBD115", "Implementacion de Bases de Datos", 1, 50);
INSERT INTO CAT_MAT_MATERIA(ID_CAT_MAT, CODIGO_MAT, NOMBRE_MAR, ES_ELECTIVA, MAXIMO_CANT_PREGUNTAS) VALUES(3, "PDM115", "Programacion para Dispositivos Moviles", 1, 50);
INSERT INTO CAT_MAT_MATERIA(ID_CAT_MAT, CODIGO_MAT, NOMBRE_MAR, ES_ELECTIVA, MAXIMO_CANT_PREGUNTAS) VALUES(4, "SGG115", "Sistemas de Informacion Geografica", 1, 50);
INSERT INTO CAT_MAT_MATERIA(ID_CAT_MAT, CODIGO_MAT, NOMBRE_MAR, ES_ELECTIVA, MAXIMO_CANT_PREGUNTAS) VALUES(5, "IGF115", "Ingenieria de Software", 1, 50);

/*----------------------------------------------Tabla USUARIO-------------------------------------------------*/
INSERT INTO USUARIO(IDUSUARIO, NOMUSUARIO, CLAVE, ROL) VALUES(1, "joel", "ues", 0);
INSERT INTO USUARIO(IDUSUARIO, NOMUSUARIO, CLAVE, ROL) VALUES(2, "javier", "ues", 1);
INSERT INTO USUARIO(IDUSUARIO, NOMUSUARIO, CLAVE, ROL) VALUES(3, "ernesto", "ues", 1);
INSERT INTO USUARIO(IDUSUARIO, NOMUSUARIO, CLAVE, ROL) VALUES(4, "camren", "ues", 1);
INSERT INTO USUARIO(IDUSUARIO, NOMUSUARIO, CLAVE, ROL) VALUES(5, "carolina", "ues", 1);
INSERT INTO USUARIO(IDUSUARIO, NOMUSUARIO, CLAVE, ROL) VALUES(6, "jose", "ues", 2);
INSERT INTO USUARIO(IDUSUARIO, NOMUSUARIO, CLAVE, ROL) VALUES(7, "marco", "ues", 2);
INSERT INTO USUARIO(IDUSUARIO, NOMUSUARIO, CLAVE, ROL) VALUES(8, "mauricio", "ues", 2);
INSERT INTO USUARIO(IDUSUARIO, NOMUSUARIO, CLAVE, ROL) VALUES(9, "evelyn", "ues", 2);
INSERT INTO USUARIO(IDUSUARIO, NOMUSUARIO, CLAVE, ROL) VALUES(10, "lisset", "ues", 2);

/*----------------------------------------------Tabla PDG_DCN_DOCENTE-------------------------------------------------*/
INSERT INTO PDG_DCN_DOCENTE(ID_PDG_DCN, ID_ESCUELA, IDUSUARIO, CARNET_DCN, ANIO_TITULO, ACTIVO, TIPOJORNADA, DESCRIPCIONDOCENTE, ID_CARGO_ACTUAL, ID_SEGUNDO_CARGO, NOMBRE_DOCENTE) VALUES(1, 1, 1, "GY87123", "2000", 1, 1, "Analista de sistemas", 1, 1, "Joel Palacios");
INSERT INTO PDG_DCN_DOCENTE(ID_PDG_DCN, ID_ESCUELA, IDUSUARIO, CARNET_DCN, ANIO_TITULO, ACTIVO, TIPOJORNADA, DESCRIPCIONDOCENTE, ID_CARGO_ACTUAL, ID_SEGUNDO_CARGO, NOMBRE_DOCENTE) VALUES(2, 1, 2, "IJ99299", "2001", 1, 1, "Ingeniero de Software", 1, 1, "Javier Galdamez");
INSERT INTO PDG_DCN_DOCENTE(ID_PDG_DCN, ID_ESCUELA, IDUSUARIO, CARNET_DCN, ANIO_TITULO, ACTIVO, TIPOJORNADA, DESCRIPCIONDOCENTE, ID_CARGO_ACTUAL, ID_SEGUNDO_CARGO, NOMBRE_DOCENTE) VALUES(3, 1, 3, "LL85399", "2005", 1, 1, "Maestria en seguridad informatica", 1, 1, "Ernesto Hernandez");
INSERT INTO PDG_DCN_DOCENTE(ID_PDG_DCN, ID_ESCUELA, IDUSUARIO, CARNET_DCN, ANIO_TITULO, ACTIVO, TIPOJORNADA, DESCRIPCIONDOCENTE, ID_CARGO_ACTUAL, ID_SEGUNDO_CARGO, NOMBRE_DOCENTE) VALUES(4, 1, 4, "GU98234", "2007", 1, 1, "Programador web", 1, 1, "Carmen Mendoza");
INSERT INTO PDG_DCN_DOCENTE(ID_PDG_DCN, ID_ESCUELA, IDUSUARIO, CARNET_DCN, ANIO_TITULO, ACTIVO, TIPOJORNADA, DESCRIPCIONDOCENTE, ID_CARGO_ACTUAL, ID_SEGUNDO_CARGO, NOMBRE_DOCENTE) VALUES(5, 1, 5, "PL89002", "2003", 1, 1, "Maestria en ciencias de la computacion", 1, 1, "Carolina Palencia");

/*----------------------------------------------Tabla ESTUDIANTE-------------------------------------------------*/
INSERT INTO ESTUDIANTE(ID_EST, IDUSUARIO, CARNET, NOMBRE, ACTIVO, ANIO_INGRESO) VALUES(1, 6, "FP16007", "Jose Flores", 1, "2016");
INSERT INTO ESTUDIANTE(ID_EST, IDUSUARIO, CARNET, NOMBRE, ACTIVO, ANIO_INGRESO) VALUES(2, 7, "CE15023", "Marco Chicas", 1, "2015");
INSERT INTO ESTUDIANTE(ID_EST, IDUSUARIO, CARNET, NOMBRE, ACTIVO, ANIO_INGRESO) VALUES(3, 8, "VO11101", "Mauricio Villeda", 1, "2011");
INSERT INTO ESTUDIANTE(ID_EST, IDUSUARIO, CARNET, NOMBRE, ACTIVO, ANIO_INGRESO) VALUES(4, 9, "GG16200", "Evelyn Galdamez", 1, "2016");
INSERT INTO ESTUDIANTE(ID_EST, IDUSUARIO, CARNET, NOMBRE, ACTIVO, ANIO_INGRESO) VALUES(5, 10, "AD17002", "Lisset Avrego", 1, "2017");

/*----------------------------------------------Tabla MATERIA_CICLO-------------------------------------------------*/
INSERT INTO MATERIA_CICLO(ID_MAT_CI, ID_CAT_MAT, CICLO, ANIO) VALUES(1, 1, 1, "2019");
INSERT INTO MATERIA_CICLO(ID_MAT_CI, ID_CAT_MAT, CICLO, ANIO) VALUES(2, 2, 2, "2019");
INSERT INTO MATERIA_CICLO(ID_MAT_CI, ID_CAT_MAT, CICLO, ANIO) VALUES(3, 3, 3, "2019");
INSERT INTO MATERIA_CICLO(ID_MAT_CI, ID_CAT_MAT, CICLO, ANIO) VALUES(4, 4, 4, "2019");
INSERT INTO MATERIA_CICLO(ID_MAT_CI, ID_CAT_MAT, CICLO, ANIO) VALUES(5, 5, 5, "2019");

/*----------------------------------------------Tabla CARGA_ACADEMICA-------------------------------------------------*/
INSERT INTO CARGA_ACADEMICA(ID_CARG_ACA, ID_MAT_CI, ID_PDG_DCN, ID_GRUP_CARG) VALUES(1, 1, 1, 1);
INSERT INTO CARGA_ACADEMICA(ID_CARG_ACA, ID_MAT_CI, ID_PDG_DCN, ID_GRUP_CARG) VALUES(2, 2, 2, 1);
INSERT INTO CARGA_ACADEMICA(ID_CARG_ACA, ID_MAT_CI, ID_PDG_DCN, ID_GRUP_CARG) VALUES(3, 3, 3, 1);
INSERT INTO CARGA_ACADEMICA(ID_CARG_ACA, ID_MAT_CI, ID_PDG_DCN, ID_GRUP_CARG) VALUES(4, 4, 4, 1);
INSERT INTO CARGA_ACADEMICA(ID_CARG_ACA, ID_MAT_CI, ID_PDG_DCN, ID_GRUP_CARG) VALUES(5, 5, 5, 1);

/*----------------------------------------------Tabla ENCUESTA-------------------------------------------------*/
INSERT INTO ENCUESTA(ID_ENCUESTA, ID_PDG_DCN, TITULO_ENCUESTA, DESCRIPCION_ENCUESTA, FECHA_INICIO_ENCUESTA, FECHA_FINAL_ENCUESTA) VALUES(1, 1, "Opinion", "Opinion sobre los docentes de la FIA", "2019-05-20 12:00:00", "2019-05-20 14:00:00");
INSERT INTO ENCUESTA(ID_ENCUESTA, ID_PDG_DCN, TITULO_ENCUESTA, DESCRIPCION_ENCUESTA, FECHA_INICIO_ENCUESTA, FECHA_FINAL_ENCUESTA) VALUES(2, 1, "Horario", "Horario sugerido para practicas libre", "2019-05-21 12:00:00", "2019-05-21 14:00:00");
INSERT INTO ENCUESTA(ID_ENCUESTA, ID_PDG_DCN, TITULO_ENCUESTA, DESCRIPCION_ENCUESTA, FECHA_INICIO_ENCUESTA, FECHA_FINAL_ENCUESTA) VALUES(3, 1, "Fecha parcial", "Fecha sugerida para el proximo parcial", "2019-05-22 12:00:00", "2019-05-22 14:00:00");
INSERT INTO ENCUESTA(ID_ENCUESTA, ID_PDG_DCN, TITULO_ENCUESTA, DESCRIPCION_ENCUESTA, FECHA_INICIO_ENCUESTA, FECHA_FINAL_ENCUESTA) VALUES(4, 2, "Clases", "Cambio de horario de clases", "2019-05-22 12:00:00", "2019-05-23 14:00:00");
INSERT INTO ENCUESTA(ID_ENCUESTA, ID_PDG_DCN, TITULO_ENCUESTA, DESCRIPCION_ENCUESTA, FECHA_INICIO_ENCUESTA, FECHA_FINAL_ENCUESTA) VALUES(5, 2, "Teorico", "Pasar grupo teorico para el dia sabado", "2019-05-24 12:00:00", "2019-05-24 14:00:00");

/*----------------------------------------------Tabla EVALUACION-------------------------------------------------*/
INSERT INTO EVALUACION(ID_EVALUACION, ID_CARG_ACA, DURACION, INTENTO, NOMBRE_EVALUACION, DESCRIPCION_EVALUACION) VALUES(1, 1, 60, 1, "Parcial 1", "Unidades I, II y III");
INSERT INTO EVALUACION(ID_EVALUACION, ID_CARG_ACA, DURACION, INTENTO, NOMBRE_EVALUACION, DESCRIPCION_EVALUACION) VALUES(2, 2, 50, 2, "parcial 2", "Unidades IV, V y VI");
INSERT INTO EVALUACION(ID_EVALUACION, ID_CARG_ACA, DURACION, INTENTO, NOMBRE_EVALUACION, DESCRIPCION_EVALUACION) VALUES(3, 3, 50, 1, "Corto 1", "Material extra");
INSERT INTO EVALUACION(ID_EVALUACION, ID_CARG_ACA, DURACION, INTENTO, NOMBRE_EVALUACION, DESCRIPCION_EVALUACION) VALUES(4, 4, 100, 1, "Corto 2", "Presentaciones");
INSERT INTO EVALUACION(ID_EVALUACION, ID_CARG_ACA, DURACION, INTENTO, NOMBRE_EVALUACION, DESCRIPCION_EVALUACION) VALUES(5, 5, 120, 1, "Control del lectura", "Material visto en clases");

/*----------------------------------------------Tabla TURNO-------------------------------------------------*/
INSERT INTO TURNO(ID_TURNO, ID_EVALUACION, FECHA_INICIO_TURNO, FECHA_FINAL_TURNO, VISIBILIDAD, CONTRASENIA) VALUES(1, 1, "2019-05-20 12:00:00", "2019-05-20 14:00:00", 1, "ues");
INSERT INTO TURNO(ID_TURNO, ID_EVALUACION, FECHA_INICIO_TURNO, FECHA_FINAL_TURNO, VISIBILIDAD, CONTRASENIA) VALUES(2, 2, "2019-05-21 12:00:00", "2019-05-21 14:00:00", 1, "ues");
INSERT INTO TURNO(ID_TURNO, ID_EVALUACION, FECHA_INICIO_TURNO, FECHA_FINAL_TURNO, VISIBILIDAD, CONTRASENIA) VALUES(3, 3, "2019-05-22 12:00:00", "2019-05-22 14:00:00", 0, "ues");
INSERT INTO TURNO(ID_TURNO, ID_EVALUACION, FECHA_INICIO_TURNO, FECHA_FINAL_TURNO, VISIBILIDAD, CONTRASENIA) VALUES(4, 4, "2019-05-23 12:00:00", "2019-05-23 14:00:00", 1, "ues");
INSERT INTO TURNO(ID_TURNO, ID_EVALUACION, FECHA_INICIO_TURNO, FECHA_FINAL_TURNO, VISIBILIDAD, CONTRASENIA) VALUES(5, 5, "2019-05-24 12:00:00", "2019-05-24 14:00:00", 1, "ues");

/*----------------------------------------------Tabla AREA-------------------------------------------------*/
INSERT INTO AREA(ID_AREA, ID_CAT_MAT, ID_PDG_DCN, ID_TIPO_ITEM, TITULO) VALUES(1, 1, 2, 1, "Informacion geografica");
INSERT INTO AREA(ID_AREA, ID_CAT_MAT, ID_PDG_DCN, ID_TIPO_ITEM, TITULO) VALUES(2, 1, 2, 2, "Administracion");
INSERT INTO AREA(ID_AREA, ID_CAT_MAT, ID_PDG_DCN, ID_TIPO_ITEM, TITULO) VALUES(3, 1, 2, 3, "Padre de la Administracion");
INSERT INTO AREA(ID_AREA, ID_CAT_MAT, ID_PDG_DCN, ID_TIPO_ITEM, TITULO) VALUES(4, 1, 2, 4, "Android");

/*----------------------------------------------Tabla CLAVE-------------------------------------------------*/
INSERT INTO CLAVE(ID_CLAVE, ID_TURNO, NUMERO_CLAVE) VALUES(1, 1, 1);
INSERT INTO CLAVE(ID_CLAVE, ID_TURNO, NUMERO_CLAVE) VALUES(2, 2, 2);
INSERT INTO CLAVE(ID_CLAVE, ID_TURNO, NUMERO_CLAVE) VALUES(3, 3, 3);
INSERT INTO CLAVE(ID_CLAVE, ID_ENCUESTA, NUMERO_CLAVE) VALUES(4, 1, 4);
INSERT INTO CLAVE(ID_CLAVE, ID_ENCUESTA, NUMERO_CLAVE) VALUES(5, 2, 5);

/*----------------------------------------------Tabla EMPAREJAMIENTO-------------------------------------------------*/
INSERT INTO GRUPO_EMPAREJAMIENTO(ID_GRUPO_EMP, ID_AREA, DESCRIPCION_GRUPO_EMP) VALUES(1, 1, "");
INSERT INTO GRUPO_EMPAREJAMIENTO(ID_GRUPO_EMP, ID_AREA, DESCRIPCION_GRUPO_EMP) VALUES(2, 1, "");
INSERT INTO GRUPO_EMPAREJAMIENTO(ID_GRUPO_EMP, ID_AREA, DESCRIPCION_GRUPO_EMP) VALUES(3, 1, "");
INSERT INTO GRUPO_EMPAREJAMIENTO(ID_GRUPO_EMP, ID_AREA, DESCRIPCION_GRUPO_EMP) VALUES(4, 1, "");
INSERT INTO GRUPO_EMPAREJAMIENTO(ID_GRUPO_EMP, ID_AREA, DESCRIPCION_GRUPO_EMP) VALUES(5, 1, "");
INSERT INTO GRUPO_EMPAREJAMIENTO(ID_GRUPO_EMP, ID_AREA, DESCRIPCION_GRUPO_EMP) VALUES(6, 1, "");
INSERT INTO GRUPO_EMPAREJAMIENTO(ID_GRUPO_EMP, ID_AREA, DESCRIPCION_GRUPO_EMP) VALUES(7, 3, "Empareje correctamente las siguientes preguntas");
INSERT INTO GRUPO_EMPAREJAMIENTO(ID_GRUPO_EMP, ID_AREA, DESCRIPCION_GRUPO_EMP) VALUES(8, 4, "");
INSERT INTO GRUPO_EMPAREJAMIENTO(ID_GRUPO_EMP, ID_AREA, DESCRIPCION_GRUPO_EMP) VALUES(9, 4, "");
INSERT INTO GRUPO_EMPAREJAMIENTO(ID_GRUPO_EMP, ID_AREA, DESCRIPCION_GRUPO_EMP) VALUES(10, 4, "");
INSERT INTO GRUPO_EMPAREJAMIENTO(ID_GRUPO_EMP, ID_AREA, DESCRIPCION_GRUPO_EMP) VALUES(11, 2, "");
INSERT INTO GRUPO_EMPAREJAMIENTO(ID_GRUPO_EMP, ID_AREA, DESCRIPCION_GRUPO_EMP) VALUES(12, 2, "");
INSERT INTO GRUPO_EMPAREJAMIENTO(ID_GRUPO_EMP, ID_AREA, DESCRIPCION_GRUPO_EMP) VALUES(13, 2, "");

/*----------------------------------------------Tabla PREGUNTA-------------------------------------------------*/
INSERT INTO PREGUNTA(ID_PREGUNTA, ID_GRUPO_EMP, PREGUNTA) VALUES(1, 1, "¿Ubicacion de la UES?");
INSERT INTO PREGUNTA(ID_PREGUNTA, ID_GRUPO_EMP, PREGUNTA) VALUES(2, 2, "¿Ciencia que estudia los hongos?");
INSERT INTO PREGUNTA(ID_PREGUNTA, ID_GRUPO_EMP, PREGUNTA) VALUES(3, 3, "¿Proyecciones principales?");
INSERT INTO PREGUNTA(ID_PREGUNTA, ID_GRUPO_EMP, PREGUNTA) VALUES(4, 4, "¿Padre de la geologia?");
INSERT INTO PREGUNTA(ID_PREGUNTA, ID_GRUPO_EMP, PREGUNTA) VALUES(5, 5, "¿Padre de los GIS?");
INSERT INTO PREGUNTA(ID_PREGUNTA, ID_GRUPO_EMP, PREGUNTA) VALUES(6, 6, "¿Cual es la proyeccion que se utiliza en El Salvador?");
INSERT INTO PREGUNTA(ID_PREGUNTA, ID_GRUPO_EMP, PREGUNTA) VALUES(7, 7, "¿Padre de la administracion cientifica?");
INSERT INTO PREGUNTA(ID_PREGUNTA, ID_GRUPO_EMP, PREGUNTA) VALUES(8, 7, "¿Padre de la administracion moderna?");
INSERT INTO PREGUNTA(ID_PREGUNTA, ID_GRUPO_EMP, PREGUNTA) VALUES(9, 7, "¿Padre de los recursos humanos?");
INSERT INTO PREGUNTA(ID_PREGUNTA, ID_GRUPO_EMP, PREGUNTA) VALUES(10, 8, "¿Cual es la empresa actual dueña de Android?");
INSERT INTO PREGUNTA(ID_PREGUNTA, ID_GRUPO_EMP, PREGUNTA) VALUES(11, 9, "¿Cual es la empresa actual dueña de IOS?");
INSERT INTO PREGUNTA(ID_PREGUNTA, ID_GRUPO_EMP, PREGUNTA) VALUES(12, 10, "¿Cual es la empresa actual dueña de Windows?");
INSERT INTO PREGUNTA(ID_PREGUNTA, ID_GRUPO_EMP, PREGUNTA) VALUES(13, 11, "Historia de usuario se refiere a la descripcion de una funcionalidad que debe incorporar un sistema de software");
INSERT INTO PREGUNTA(ID_PREGUNTA, ID_GRUPO_EMP, PREGUNTA) VALUES(14, 12, "En una organizacion inteligente, el aprendizaje en equipo es la disciplina que constituye el elemento principal de interconexion con las otras");
INSERT INTO PREGUNTA(ID_PREGUNTA, ID_GRUPO_EMP, PREGUNTA) VALUES(15, 13, "La administracion es escencial en todas corporaciones organizadas, asi como en todos los niveles de la organizacion");

/*----------------------------------------------Tabla OPCION-------------------------------------------------*/
INSERT INTO OPCION(ID_OPCION, ID_PREGUNTA, OPCION, CORRECTA) VALUES(1, 1, "San salvador", 1);
INSERT INTO OPCION(ID_OPCION, ID_PREGUNTA, OPCION, CORRECTA) VALUES(2, 1, "Chalatenango", 0);
INSERT INTO OPCION(ID_OPCION, ID_PREGUNTA, OPCION, CORRECTA) VALUES(3, 1, "La paz", 0);
INSERT INTO OPCION(ID_OPCION, ID_PREGUNTA, OPCION, CORRECTA) VALUES(4, 1, "La union", 0);
INSERT INTO OPCION(ID_OPCION, ID_PREGUNTA, OPCION, CORRECTA) VALUES(5, 2, "Micologia", 1);
INSERT INTO OPCION(ID_OPCION, ID_PREGUNTA, OPCION, CORRECTA) VALUES(6, 2, "Hongologia", 0);
INSERT INTO OPCION(ID_OPCION, ID_PREGUNTA, OPCION, CORRECTA) VALUES(7, 2, "Otra", 0);
INSERT INTO OPCION(ID_OPCION, ID_PREGUNTA, OPCION, CORRECTA) VALUES(8, 2, "Ambas", 0);
INSERT INTO OPCION(ID_OPCION, ID_PREGUNTA, OPCION, CORRECTA) VALUES(9, 3, "Conica", 1);
INSERT INTO OPCION(ID_OPCION, ID_PREGUNTA, OPCION, CORRECTA) VALUES(10, 3, "UTM", 0);
INSERT INTO OPCION(ID_OPCION, ID_PREGUNTA, OPCION, CORRECTA) VALUES(11, 3, "Conforme", 0);
INSERT INTO OPCION(ID_OPCION, ID_PREGUNTA, OPCION, CORRECTA) VALUES(12, 3, "Otra", 0);
INSERT INTO OPCION(ID_OPCION, ID_PREGUNTA, OPCION, CORRECTA) VALUES(13, 4, "Eratostenes", 1);
INSERT INTO OPCION(ID_OPCION, ID_PREGUNTA, OPCION, CORRECTA) VALUES(14, 4, "Aristoteles", 0);
INSERT INTO OPCION(ID_OPCION, ID_PREGUNTA, OPCION, CORRECTA) VALUES(15, 4, "Pitagoras", 0);
INSERT INTO OPCION(ID_OPCION, ID_PREGUNTA, OPCION, CORRECTA) VALUES(16, 4, "Newton", 0);
INSERT INTO OPCION(ID_OPCION, ID_PREGUNTA, OPCION, CORRECTA) VALUES(17, 5, "Royer Tomlinson", 1);
INSERT INTO OPCION(ID_OPCION, ID_PREGUNTA, OPCION, CORRECTA) VALUES(18, 5, "Royer Arias", 0);
INSERT INTO OPCION(ID_OPCION, ID_PREGUNTA, OPCION, CORRECTA) VALUES(19, 5, "Rudy Tomlinson", 0);
INSERT INTO OPCION(ID_OPCION, ID_PREGUNTA, OPCION, CORRECTA) VALUES(20, 5, "Tomlinson Royer", 0);
INSERT INTO OPCION(ID_OPCION, ID_PREGUNTA, OPCION, CORRECTA) VALUES(21, 6, "UTM", 0);
INSERT INTO OPCION(ID_OPCION, ID_PREGUNTA, OPCION, CORRECTA) VALUES(22, 6, "Conforme de Lambert", 0);
INSERT INTO OPCION(ID_OPCION, ID_PREGUNTA, OPCION, CORRECTA) VALUES(23, 6, "Conforme conica de Lambert", 0);
INSERT INTO OPCION(ID_OPCION, ID_PREGUNTA, OPCION, CORRECTA) VALUES(24, 6, "Conica conforme de Lambert", 1);

INSERT INTO OPCION(ID_OPCION, ID_PREGUNTA, OPCION, CORRECTA) VALUES(25, 7, "Marco", 0);
INSERT INTO OPCION(ID_OPCION, ID_PREGUNTA, OPCION, CORRECTA) VALUES(26, 7, "Frederick", 1);
INSERT INTO OPCION(ID_OPCION, ID_PREGUNTA, OPCION, CORRECTA) VALUES(27, 8, "Carlos", 0);
INSERT INTO OPCION(ID_OPCION, ID_PREGUNTA, OPCION, CORRECTA) VALUES(28, 8, "Henry", 1);
INSERT INTO OPCION(ID_OPCION, ID_PREGUNTA, OPCION, CORRECTA) VALUES(29, 9, "Estupinian", 0);
INSERT INTO OPCION(ID_OPCION, ID_PREGUNTA, OPCION, CORRECTA) VALUES(30, 9, "Elton", 1);

INSERT INTO OPCION(ID_OPCION, ID_PREGUNTA, OPCION, CORRECTA) VALUES(31, 10, "google", 1);
INSERT INTO OPCION(ID_OPCION, ID_PREGUNTA, OPCION, CORRECTA) VALUES(32, 11, "apple", 1);
INSERT INTO OPCION(ID_OPCION, ID_PREGUNTA, OPCION, CORRECTA) VALUES(33, 12, "microsoft", 1);

INSERT INTO OPCION(ID_OPCION, ID_PREGUNTA, OPCION, CORRECTA) VALUES(34, 13, "Verdadero", 1);
INSERT INTO OPCION(ID_OPCION, ID_PREGUNTA, OPCION, CORRECTA) VALUES(35, 13, "Falso", 0);
INSERT INTO OPCION(ID_OPCION, ID_PREGUNTA, OPCION, CORRECTA) VALUES(36, 14, "Verdadero", 0);
INSERT INTO OPCION(ID_OPCION, ID_PREGUNTA, OPCION, CORRECTA) VALUES(37, 14, "Falso", 1);
INSERT INTO OPCION(ID_OPCION, ID_PREGUNTA, OPCION, CORRECTA) VALUES(38, 15, "Verdadero", 1);
INSERT INTO OPCION(ID_OPCION, ID_PREGUNTA, OPCION, CORRECTA) VALUES(39, 15, "Falso", 0);

/*----------------------------------------------Tabla CLAVE_AREA-------------------------------------------------*/
INSERT INTO CLAVE_AREA(ID_CLAVE_AREA, ID_AREA, ID_CLAVE, NUMERO_PREGUNTAS, ALEATORIO, PESO) VALUES(1, 1, 1, 6, 1, 35);
INSERT INTO CLAVE_AREA(ID_CLAVE_AREA, ID_AREA, ID_CLAVE, NUMERO_PREGUNTAS, ALEATORIO, PESO) VALUES(2, 3, 1, 1, 1, 30);
INSERT INTO CLAVE_AREA(ID_CLAVE_AREA, ID_AREA, ID_CLAVE, NUMERO_PREGUNTAS, ALEATORIO, PESO) VALUES(3, 4, 1, 3, 1, 15);
INSERT INTO CLAVE_AREA(ID_CLAVE_AREA, ID_AREA, ID_CLAVE, NUMERO_PREGUNTAS, ALEATORIO, PESO) VALUES(4, 2, 1, 3, 1, 20);

/*----------------------------------------------Tabla CLAVE_AREA_PREGUNTA-------------------------------------------------*/
INSERT INTO CLAVE_AREA_PREGUNTA(ID_CLAVE_AREA_PRE, ID_PREGUNTA, ID_CLAVE_AREA) VALUES(1, 2, 1);
INSERT INTO CLAVE_AREA_PREGUNTA(ID_CLAVE_AREA_PRE, ID_PREGUNTA, ID_CLAVE_AREA) VALUES(2, 6, 1);
INSERT INTO CLAVE_AREA_PREGUNTA(ID_CLAVE_AREA_PRE, ID_PREGUNTA, ID_CLAVE_AREA) VALUES(3, 5, 1);
INSERT INTO CLAVE_AREA_PREGUNTA(ID_CLAVE_AREA_PRE, ID_PREGUNTA, ID_CLAVE_AREA) VALUES(4, 4, 1);
INSERT INTO CLAVE_AREA_PREGUNTA(ID_CLAVE_AREA_PRE, ID_PREGUNTA, ID_CLAVE_AREA) VALUES(5, 3, 1);
INSERT INTO CLAVE_AREA_PREGUNTA(ID_CLAVE_AREA_PRE, ID_PREGUNTA, ID_CLAVE_AREA) VALUES(6, 1, 1);
INSERT INTO CLAVE_AREA_PREGUNTA(ID_CLAVE_AREA_PRE, ID_PREGUNTA, ID_CLAVE_AREA) VALUES(7, 7, 2);
INSERT INTO CLAVE_AREA_PREGUNTA(ID_CLAVE_AREA_PRE, ID_PREGUNTA, ID_CLAVE_AREA) VALUES(8, 9, 2);
INSERT INTO CLAVE_AREA_PREGUNTA(ID_CLAVE_AREA_PRE, ID_PREGUNTA, ID_CLAVE_AREA) VALUES(9, 8, 2);
INSERT INTO CLAVE_AREA_PREGUNTA(ID_CLAVE_AREA_PRE, ID_PREGUNTA, ID_CLAVE_AREA) VALUES(10, 12, 3);
INSERT INTO CLAVE_AREA_PREGUNTA(ID_CLAVE_AREA_PRE, ID_PREGUNTA, ID_CLAVE_AREA) VALUES(11, 10, 3);
INSERT INTO CLAVE_AREA_PREGUNTA(ID_CLAVE_AREA_PRE, ID_PREGUNTA, ID_CLAVE_AREA) VALUES(12, 11, 3);
INSERT INTO CLAVE_AREA_PREGUNTA(ID_CLAVE_AREA_PRE, ID_PREGUNTA, ID_CLAVE_AREA) VALUES(13, 15, 4);
INSERT INTO CLAVE_AREA_PREGUNTA(ID_CLAVE_AREA_PRE, ID_PREGUNTA, ID_CLAVE_AREA) VALUES(14, 13, 4);
INSERT INTO CLAVE_AREA_PREGUNTA(ID_CLAVE_AREA_PRE, ID_PREGUNTA, ID_CLAVE_AREA) VALUES(15, 14, 4);

/*----------------------------------------------Tabla PRESUM_MATERIA-------------------------------------------------*/
INSERT INTO PENSUM_MATERIA(ID_PENSUM_MATERIA, ID_CAT_MAT, ID_PENUM) VALUES(1, 1, 1);
INSERT INTO PENSUM_MATERIA(ID_PENSUM_MATERIA, ID_CAT_MAT, ID_PENUM) VALUES(2, 2, 1);
INSERT INTO PENSUM_MATERIA(ID_PENSUM_MATERIA, ID_CAT_MAT, ID_PENUM) VALUES(3, 3, 1);
INSERT INTO PENSUM_MATERIA(ID_PENSUM_MATERIA, ID_CAT_MAT, ID_PENUM) VALUES(4, 4, 1);
INSERT INTO PENSUM_MATERIA(ID_PENSUM_MATERIA, ID_CAT_MAT, ID_PENUM) VALUES(5, 5, 1);

/*----------------------------------------------Tabla DETALLEINSCEST-------------------------------------------------*/
INSERT INTO DETALLEINSCEST(ID_DET_INSC, ID_EST, ID_CARG_ACA) VALUES(1, 1, 1);
INSERT INTO DETALLEINSCEST(ID_DET_INSC, ID_EST, ID_CARG_ACA) VALUES(2, 1, 2);
INSERT INTO DETALLEINSCEST(ID_DET_INSC, ID_EST, ID_CARG_ACA) VALUES(3, 1, 3);
INSERT INTO DETALLEINSCEST(ID_DET_INSC, ID_EST, ID_CARG_ACA) VALUES(4, 1, 4);
INSERT INTO DETALLEINSCEST(ID_DET_INSC, ID_EST, ID_CARG_ACA) VALUES(5, 1, 5);